-- phpMyAdmin SQL Dump
-- version 5.2.1
-- https://www.phpmyadmin.net/
--
-- Host: 127.0.0.1
-- Generation Time: May 27, 2024 at 05:46 PM
-- Server version: 10.4.32-MariaDB
-- PHP Version: 8.2.12

SET SQL_MODE = "NO_AUTO_VALUE_ON_ZERO";
START TRANSACTION;
SET time_zone = "+00:00";


/*!40101 SET @OLD_CHARACTER_SET_CLIENT=@@CHARACTER_SET_CLIENT */;
/*!40101 SET @OLD_CHARACTER_SET_RESULTS=@@CHARACTER_SET_RESULTS */;
/*!40101 SET @OLD_COLLATION_CONNECTION=@@COLLATION_CONNECTION */;
/*!40101 SET NAMES utf8mb4 */;

--
-- Database: `gymmanagement`
--

-- --------------------------------------------------------

--
-- Table structure for table `tbladdpackage`
--

CREATE TABLE `tbladdpackage` (
  `id` int(11) NOT NULL,
  `category` varchar(45) DEFAULT NULL,
  `titlename` varchar(450) DEFAULT NULL,
  `PackageType` varchar(45) DEFAULT NULL,
  `PackageDuratiobn` varchar(45) DEFAULT NULL,
  `Price` varchar(45) DEFAULT NULL,
  `uploadphoto` varchar(450) DEFAULT NULL,
  `Description` varchar(450) DEFAULT NULL,
  `create_date` timestamp NULL DEFAULT current_timestamp()
) ENGINE=InnoDB DEFAULT CHARSET=utf8mb4 COLLATE=utf8mb4_general_ci;

--
-- Dumping data for table `tbladdpackage`
--

INSERT INTO `tbladdpackage` (`id`, `category`, `titlename`, `PackageType`, `PackageDuratiobn`, `Price`, `uploadphoto`, `Description`, `create_date`) VALUES
(1, '12', 'asdasdas', '2', '2', '433', NULL, 'sdasdadasd', '2024-05-24 16:09:17'),
(2, '14', 'My package', '5', '1', '2500', NULL, '<span style=\"color: rgb(236, 236, 236); font-family: ui-sans-serif, -apple-system, system-ui, &quot;Segoe UI&quot;, Roboto, Ubuntu, Cantarell, &quot;Noto Sans&quot;, sans-serif, Helvetica, &quot;Apple Color Emoji&quot;, Arial, &quot;Segoe UI Emoji&quot;, &quot;Segoe UI Symbol&quot;; font-size: 16px; white-space-collapse: preserve; background-color: rgb(33, 33, 33);\">Lorem ipsum dolor sit amet, consectetur adipiscing elit. Sed do eiusmod tempor in', '2024-05-25 15:15:25'),
(3, '12', 'sdadasd', '3', '1 year', '4566', NULL, '<div style=\"color: rgb(191, 199, 213); background-color: rgb(41, 45, 62); font-family: &quot;Source Code Pro&quot;, Consolas, &quot;Courier New&quot;, monospace, Consolas, &quot;Courier New&quot;, monospace; line-height: 19px; white-space: pre;\"><span style=\"color: #bec5d4;\">Price</span></div>', '2024-05-25 15:18:09');

-- --------------------------------------------------------

--
-- Table structure for table `tbladmin`
--

CREATE TABLE `tbladmin` (
  `id` int(11) NOT NULL,
  `name` varchar(45) DEFAULT NULL,
  `email` varchar(45) DEFAULT NULL,
  `mobile` varchar(45) DEFAULT NULL,
  `password` varchar(100) DEFAULT NULL,
  `create_date` timestamp NULL DEFAULT current_timestamp()
) ENGINE=InnoDB DEFAULT CHARSET=utf8mb4 COLLATE=utf8mb4_general_ci;

--
-- Dumping data for table `tbladmin`
--

INSERT INTO `tbladmin` (`id`, `name`, `email`, `mobile`, `password`, `create_date`) VALUES
(1, 'admin', 'admin@gmail.com', '99197896857', '992283e7951bf37fe87603c1d0faec54', '2022-01-19 11:25:17');

-- --------------------------------------------------------

--
-- Table structure for table `tblbooking`
--

CREATE TABLE `tblbooking` (
  `id` int(11) NOT NULL,
  `package_id` varchar(45) DEFAULT NULL,
  `userid` varchar(45) DEFAULT NULL,
  `booking_date` timestamp NULL DEFAULT current_timestamp(),
  `payment` varchar(45) DEFAULT 'not done',
  `paymentType` varchar(45) DEFAULT NULL,
  `paidAmount` int(100) NOT NULL,
  `payment_date` timestamp NULL DEFAULT NULL
) ENGINE=InnoDB DEFAULT CHARSET=utf8mb4 COLLATE=utf8mb4_general_ci;

--
-- Dumping data for table `tblbooking`
--

INSERT INTO `tblbooking` (`id`, `package_id`, `userid`, `booking_date`, `payment`, `paymentType`, `paidAmount`, `payment_date`) VALUES
(1, '1', '7', '2024-05-24 16:10:19', 'done', 'Esewa', 433, '2024-05-24 18:34:09'),
(2, '1', '8', '2024-05-25 14:53:16', 'done', 'Khalti', 433, '2024-05-25 15:06:02'),
(3, '1', '8', '2024-05-25 15:05:49', 'not done', NULL, 0, NULL),
(4, '3', '8', '2024-05-27 02:50:25', 'not done', NULL, 0, NULL);

-- --------------------------------------------------------

--
-- Table structure for table `tblcategory`
--

CREATE TABLE `tblcategory` (
  `id` int(11) NOT NULL,
  `category_name` varchar(45) DEFAULT NULL,
  `status` varchar(45) DEFAULT '0'
) ENGINE=InnoDB DEFAULT CHARSET=utf8mb4 COLLATE=utf8mb4_general_ci;

--
-- Dumping data for table `tblcategory`
--

INSERT INTO `tblcategory` (`id`, `category_name`, `status`) VALUES
(9, 'sdfsd', '0'),
(12, 'Saurya', '0'),
(14, 'Category 1', '0');

-- --------------------------------------------------------

--
-- Table structure for table `tblpackage`
--

CREATE TABLE `tblpackage` (
  `id` int(11) NOT NULL,
  `cate_id` varchar(45) DEFAULT NULL,
  `PackageName` varchar(45) DEFAULT NULL
) ENGINE=InnoDB DEFAULT CHARSET=utf8mb4 COLLATE=utf8mb4_general_ci;

--
-- Dumping data for table `tblpackage`
--

INSERT INTO `tblpackage` (`id`, `cate_id`, `PackageName`) VALUES
(3, '12', 'asdasdasdas'),
(4, '12', 'asdasdas'),
(5, '14', 'tttttt');

-- --------------------------------------------------------

--
-- Table structure for table `tbluser`
--

CREATE TABLE `tbluser` (
  `id` int(11) NOT NULL,
  `fname` varchar(45) DEFAULT NULL,
  `lname` varchar(45) DEFAULT NULL,
  `email` varchar(45) DEFAULT NULL,
  `mobile` varchar(45) DEFAULT NULL,
  `password` varchar(100) DEFAULT NULL,
  `state` varchar(45) DEFAULT NULL,
  `city` varchar(45) DEFAULT NULL,
  `address` text NOT NULL,
  `create_date` timestamp NULL DEFAULT current_timestamp()
) ENGINE=InnoDB DEFAULT CHARSET=utf8mb4 COLLATE=utf8mb4_general_ci;

--
-- Dumping data for table `tbluser`
--

INSERT INTO `tbluser` (`id`, `fname`, `lname`, `email`, `mobile`, `password`, `state`, `city`, `address`, `create_date`) VALUES
(3, 'anuj', 'kumar', 'anuj@gmail.com', '9999999999', 'f925916e2754e5e03f75dd58a5733251', 'up', 'noida', '', '2022-03-02 15:37:22'),
(6, 'John', 'Doe', 'john@test.com', '1425635241', 'f925916e2754e5e03f75dd58a5733251', 'Delhi', 'New Delhi', '', '2022-05-22 02:31:54'),
(7, 'surya', 'Narayan Chaudhary', 'surya@gmail.com', '9844532500', '827ccb0eea8a706c4c34a16891f84e7b', 'KTM', 'KTM', '', '2024-05-11 04:32:13'),
(8, 'sasa', 'werwe', 's@gmail.com', '5458', '9051edb5a78bb565fbd0526fd5060ab8', 'sfs', 'sadas', '', '2024-05-17 13:16:41');

--
-- Indexes for dumped tables
--

--
-- Indexes for table `tbladdpackage`
--
ALTER TABLE `tbladdpackage`
  ADD PRIMARY KEY (`id`);

--
-- Indexes for table `tbladmin`
--
ALTER TABLE `tbladmin`
  ADD PRIMARY KEY (`id`);

--
-- Indexes for table `tblbooking`
--
ALTER TABLE `tblbooking`
  ADD PRIMARY KEY (`id`);

--
-- Indexes for table `tblcategory`
--
ALTER TABLE `tblcategory`
  ADD PRIMARY KEY (`id`);

--
-- Indexes for table `tblpackage`
--
ALTER TABLE `tblpackage`
  ADD PRIMARY KEY (`id`);

--
-- Indexes for table `tbluser`
--
ALTER TABLE `tbluser`
  ADD PRIMARY KEY (`id`);

--
-- AUTO_INCREMENT for dumped tables
--

--
-- AUTO_INCREMENT for table `tbladdpackage`
--
ALTER TABLE `tbladdpackage`
  MODIFY `id` int(11) NOT NULL AUTO_INCREMENT, AUTO_INCREMENT=4;

--
-- AUTO_INCREMENT for table `tbladmin`
--
ALTER TABLE `tbladmin`
  MODIFY `id` int(11) NOT NULL AUTO_INCREMENT, AUTO_INCREMENT=2;

--
-- AUTO_INCREMENT for table `tblbooking`
--
ALTER TABLE `tblbooking`
  MODIFY `id` int(11) NOT NULL AUTO_INCREMENT, AUTO_INCREMENT=5;

--
-- AUTO_INCREMENT for table `tblcategory`
--
ALTER TABLE `tblcategory`
  MODIFY `id` int(11) NOT NULL AUTO_INCREMENT, AUTO_INCREMENT=15;

--
-- AUTO_INCREMENT for table `tblpackage`
--
ALTER TABLE `tblpackage`
  MODIFY `id` int(11) NOT NULL AUTO_INCREMENT, AUTO_INCREMENT=6;

--
-- AUTO_INCREMENT for table `tbluser`
--
ALTER TABLE `tbluser`
  MODIFY `id` int(11) NOT NULL AUTO_INCREMENT, AUTO_INCREMENT=9;
COMMIT;

/*!40101 SET CHARACTER_SET_CLIENT=@OLD_CHARACTER_SET_CLIENT */;
/*!40101 SET CHARACTER_SET_RESULTS=@OLD_CHARACTER_SET_RESULTS */;
/*!40101 SET COLLATION_CONNECTION=@OLD_COLLATION_CONNECTION */;
